id,body_nopunct_apostrophe
0,I can literally picture you shouting GASLIGHTING at people and running away when you have no arguments left to make As I scroll through these comments I can see you've done it about 4 times now and it's actually making me laugh GASLIGHTING hahaha
7,'Entitled' is a fairly meaningless word that does not accurately describe most of the incels on this sub or elsewhere on the Internet On one extreme the word 'entitled' is used to describe men how literally believe that they should be able to force women to date them On the other extreme the word 'entitled' is used to describe men who are merely frustrated or sad that they can't find anyone at all to date them This type of frustration is reasonable since sex and romantic relationships are regarded by many as one of the most fulfilling things in life The problem with using the word 'entitled' for both categories of men is that it lumps them together demonizing men in the latter category by comparing them to men in the former category If you wish to criticize our views please be more specific than merely calling us 'entitled ' I am a bot and this action was performed automatically Please contact the moderators of this subreddit message compose to r Incels if you have any questions or concerns
10,I poop in my toilet It gets treated and flows into a river The next town downstream pumps water out of the river including my poop treats it and then brushes their teeth with it They brush their teeth with my poop I am happy that there are no towns upstream from me
11,I mean I can understand them not wanting to let you dodge the bill but it seems wrong to me Good luck on your payment you're more than welcome to Norway when you get out
13,Yepp that's from Village of the Damned Damn I had not seen this movie in ages and recognized it immediately Good job Fits perfectly These kids were creeps
19,Those magical state governments the same ones that once refused to integrate schools the same gov'ts who are regulating the bathroom people can use So once the federal gov't is neutered we can live the in the paradise of libertaria Where corporations own everything but hey at least you made the choice to be a fucking slave Go back to league you idiot
27,Not a fair comparison since the number of solar plants far exceed the number of nuclear plants
30,I don't really get this either a lot of the humor was clever satire of old school RPGs and video games in general I guess the fact that there were lgbt characters makes it tumblr Although I will say I thought Temmie was annoying probably my least favorite character in the game
35,Like a responded to another poster If Asaram or some other person holds a similar lectures like these in a Indian city let's say for example Mathura would that mean that it makes the lecture eligible to be posted in this sub does that means that it complies to the rules principles of this sub Where a person hosts a lecture hardly matters what matters is whether the content in the lecture is directly related to India Indians All the posts should be directly related to India Indians to fit the rules principles of this sub
37,no the range just increases to the possibility of lvl 30 just like when you hit every other multiple of 5 lvl
38,Sadly it is I'm glad i work in a relatively thriving sector IT where i'm basically allowed to tell my boss to fuck off if he's being too much of a dick Didn't have to do it often but i feel blessed when i have to do it and manage to get away scot free
41,Actually her being in the picture is crucial to the theme which is that they're making the same face Otherwise it's just a panting pit bull You're only being a dick
44,Man you guys are terrible at searching for stuff there aren't thousands of freaky people using that combination of keywords
47,Yeah but you don't understand The reason they left Africa for Europe in the first place was because they had the character and the willpower to wander into unknown lands and explore distant places To find invent march onwards and never rest in one place And that's been our history in a nutshell Restless While the others those who remained are today's Africans Not restless quite the contrary Lazy and content Content with never moving anywhere or building anything
49,I can only assume you're a Alt right nut job or just a plan ole' idiot Your boy G Bush gave it to Cosby is 2002 https en wikipedia org wiki List of Presidential Medal of Freedom recipients Don't see you yerping up a storm about the Cos
53,No liquid or cream ointment was safe at my house during puberty This motherfucker tried to use Icy Hot to jerk off Indescribable discomfort
57,Sure I'm not saying western media looks favorably on him Only that he is not the spectre that was the Soviet union in the American imagination Russian power has waned in the American imagination just as much as in real life
59,Talking to her is important and making sure she understands that she is not at fault not to blame and not in trouble My parents had difficulty communicating with me particularly my dad This type of stuff made him very angry obviously and I misunderstood his anger and thought he was mad at me It really messed me up in ways I only understood as an adult
61,I'll get back to you soon I don't know if I want to part with it yet sorry
63,Because the subconscious and conscious are connected you can't surprise your own body it's like how you can't tickle yourself even if you do the same thing another person does that would tickle you
64,That is NOT my name and I am not talking to you as long as you keep talking to another user account I will however keep talking ABOUT you in the other forum
66,He also got to sit the bench for three seasons and study HoF QB's like Manning Brady and Favre and find out what to do and what not to do Manning single handedly changed how the QB position was played you can't say that for Rodgers
68,It'll be worth it if the Switch turns out to be as great as seems to be shaping up to be
75,There is no evidence The only thing we know is he ended up starting a war and betraying his family and abandoning his wife to either go fuck an engaged woman or for a prophecy He cost thousands their lives who had nothing to do with his obsession and may have even kidnapped and raped lyanna to do it Its convenient how you Rhaegar apologists always conveniently forget about his wife and children he betrayed and all the innocents he got caught up in his bullshit
78,Based on his eye patch and what looks like poor ocular alignment I would say he definitely has diplopia
79,Not the person you asked but I can give you my answers here 1 Research suggests plants may react to stimuli that's not the same thing as feeling pain They have no central nervous system and no brain There are no studies that suggest they feel pain However even if you want to claim plants feel it would be a huge and unsubstantiated leap to claim they feel equally to a chicken cow or pig If I set before you a carrot and a dog and told you that you had to kill one presumably you'd kill the carrot over the dog because the dog would suffer far more Additionally even if you wanted to give plants moral consideration it should be noted that you kill fewer plants on a veg diet than an omnivorous one because livestock have to eat too and they eat plants lots of them Cut out the middle man and you kill fewer animals and plants I don't know much about the sentience of insects and such so I won't really comment on that There is an interesting debate https sentientist org 2013 05 20 the ethical case for eating oysters and mussels on the ethics of eating bivalves 2 I'd see no ethical issue eating lab meat I might abstain for other reasons though after a few years as a vegan I don't really have any interest in eating meat anymore What is it about pain that makes a life special Can I eat a person with a genetic trait that makes them immune to pain It's not just about physical pain though that's an important part of it Even if I don't feel pain I don't want you to kill me because I have an interest in living It seems pretty arrogant that some people want to tell everyone which lives matter and which don't Surely you don't think all lives are of equal moral value or else killing a potato would be no different from killing a human If you make that distinction as I hope you would why is it such a leap to morally distinguish between potato and cow It's not arrogance it's a rational argument for equal consideration of interests
80,Pot meet kettle Literally nothing of what you just said has anything to do with what I said
85,You can reorder playlists but it's really clunky only move to top bottom options I wish it was just click and drag Like you say better than nothing but still crap You also can't browse other videos to read their description while one is playing Open a new browser tab
88,I'm loving your ability and enjoyment of getting to use the phrase mastodon foot in a way that sort of makes sense Mastodon is a great word type of extinct beast
91,1 There is no dynamic lighting All dynamic shadows in the game are made via the HL2 method where they only appear directly under the object casting the shadow They aren't able to utilize helpful effects like parallax mapping soft particles real time ambient occlusion global illumination and real time reflections except for the water 2 texture resolution was unbelievably low as well as object polycount Imagine those beautiful hand painted textures at full res instead of all pixelated when you get closer than 5 feet 3 Level size and occlusion In Unreal 3 you have to design levels in chunks I'd wager that in the Void engine Dishonored 2's engine the Distillery District Slackjaw's Distillery The Office of the High Overseer and The Golden Cat levels could all be stitched together with no loading times I mean even SOMA's HPL Engine 3 allows for level streaming The only loading screen is when you start the game What they managed to achieve using Unreal 3 for Dishonored was incredible but it was clearly designed gameplay and visual effects wise around their limitations I'm very excited to see the world of Dishonored rendered with modern technology
93,If you're 1 a woman 2 not in the obese category of body fat percentage and go around asking people if they want to have sex it will not be long before you get a bite As a guy it's a little harder I don't have a ton of difficulty putting in little effort to slay but I'd be lying if I said that I was successful more than 2 5 times If you're a male feminist you'll have some serious issues though I don't want to get into an argument here because it'll probably get me banned for having an opinion
94,Ah yes the Baltic's Romania against Russia versus the Philippines South Korea against China You're right dude lol How could I be so wrong other than the centuries of history that Captain Obvious might slap me in the face with to prove his every one of these scenarios especially in a power vacuum has turned out before I wonder why Stein has only ever been able to get a City Council seat with like 20 of the vote lol
96,Ah now I've met le activist don't talk down to me Your post sounds like somebody who asks to see a store manager at least once a week Your post is pathetic
97,Me too Just checked for an update and I don't think I've ever been happier Very excited nervous to see what OP has to report
98,The finnish model isnt relevant Its insanely tiny and doesnt nearly have the diversity the US does and all the issues that go along with that
103,Agreed they've given him very poor coverage relative to the crowds he's been pulling The NY Times ran what can only be called a hit piece yesterday No mention of the cluster that was the Nevada caucus just over exaggerations of violence from the Sanders camp The problem being as much as her followers will hate to admit it Clinton needs Sanders supporters in the general The percieved way the media has treated them will be unforgivable You can't unify a party that has treated you this way The country has had years of the Dems and Republicans tearing us apart that wedge driven by certain media groups Now we have each party showing serious cracks in their foundation It's interesting to watch but man is it concerning
105,This is r syriancivilwar I am told and not r Assadfanclub like you might think although to be fair that would be a more accurate name for this sub These are the type of comments proliferating here and even if they are reported they are not removed Then people somehow still wonder why so many pro rebel users stopped posting here considering they face this type of uncivil hostility 24 7 here
109,Very interesting Thank you I bet with an established market a coke would have been quite a treat if a GI were willing to part with theirs
111,thanks Russia for that I am no fan of Putin your entire post history kinda contradicts that
113,Exactly and just as you don't have to take up cannibalism when you're in Borneo there's no ethical moral or legal obligation to kowtow to an oppressive regime and do the walk of shame donning the hijab in Iran
114,Corellation and causation are different Women are educated in America but they weren't educated first Same with European countries
115,Title III Civil Rights Act 1964 specifically prevents the state denying access to facilities based on among other things religion A judge not upholding this is very much something to complain about Not if there are other judges willing to marry them I remember a similar case where a judge refused to marry an interracial couple this was allowed because they could get married by another judge
123,His gf was solely with him for a place to stay and was fucking multiple men behind his back while he was working 18 hour days
128,Book theories or predictions should not use show happenings as evidence in support or against that theory Look I'm all in favor of the co existence and necessity of both subs more and more as the years pass and the show surprasses the books so I'm sorry if I sound harsh but I've been bothered by this for some time That rule right there is what turns me off and I'm sure I'm not the only one There's a place and context for everything and show happenings shouldn't be the basis of any theory on your sub I agree on that But with all due respect burying the head in the sand and ignoring everything that ever happened on the show is just pointless denial to say the least As I've said show happenings shouldn't be the basis of any theory there but they sure as well should be allowed to in some sort of way strenght them even in minimally Used as some sort of evidence or final argument For example and in all honestly when discussing and theorizing anything about Melisandre there's no point in ignoring Spoilers S6E1 s the reveal in S6E1 that Melissandre is a glamoured old woman How about Hodor's name origin something that was confirmed by Martin despite being show happening Do you ignore Pretend it never happened Spoilers S5E9 s Shireen's burning which D D confirmed is something that will happen to some sort in the book What about f Aegon Are we supposed to talk about him like he's the real deal and a big game changer in the following books ignoring the fact that since he was cut from the show obviously his part is not that important Jeyne's possible pregnancy Spoilers Season 6 s Robert's Strong and the Gravedigger identities Are we supposed to ignore all that And let's not even mention R L J In that sub are we still supposed to consider that as a 99 certain theory Theories about Ashara Dayne's being Jon's mother are still accepted I mean for a proper discussion and theory every piece of avaliable information should be used Try to minimize the show references sure go ahead but outright remove them is as I've said burying the head in the sand Reminds me of when this sub decided to outright ban any discussion on the leaked episodes in season 5 Everybody saw them everybody knew what happened and yet people were discussing S5E1 in the daily thread like everything was normal and episode 2 might even bring us Lady Stoneheart
131,There are people who object to quotas because they believe it fosters more inequality and doesn't fix the real underlying problems And then there people like you who object to quotas because they're actually just shitlords
135,contact the authorities Because that ever worked Oh wait last time someone did a party got elected and it took them 4 years to do anything and to a scapegoat of all things You know robocalls and Pierre Poutine You can get away with anything in politics Both the liberals and conservatives hire shills to correct the record and it's very funny to see them argue with each other on neutral forums ie not here
136,I love her too I'm glad she's speaking out At least she has a backbone and not sitting on the sidelines and giving in to trump and his goons
138,Congratulations sir You managed to stick your head shoulder deep up your own asshole whilst simultaneously jerking yourself off Bravo
140,I guess that makes sense I was sort of envisioning that I would walk in the door and plug my phone in which would automatically activate google assistant mode using the existing daydream feature On my way out I would grab my phone and I don't really need the assistant working when I'm not there I don't have a family though and probably have a different use case than you so I can see why standalone hardware works better for you
145,I'd take a gurl out to a 60 dinner and if I get laid that's kool I'll skip on a 60 hooker
146,dont weep for me cuz this will be the labor of our love as he smites baron What a heroic moment perfect timing
147,Yup You missed the one where trump was taking billy bushes premise to an absurd level for a laugh When youre a star you can do whatever you want Yeah like grab em by the pussy Clearly this type of conversation is not literal or meant to be taken literally The only literal part Donald admitted to was going in for a kiss and being denied
151,They aren't children anymore Their innocence and youth were stripped away by that obscene display of vulgar jubilance
154,No you did the guy stared that these people are just guys with opinions that you don't like who don't deserve getting cruel treatment you responded saying that plain racist people deserve it
160,Except it's not win based Getting matched with a team on 8 wins while my team is on 3 is ridiculous With the player base so small they need to change the formula
163,I didnt say it didnt I'm not saying you should or even have to but your colloquiallisim makes you sound like a inbred sister fucking back water country fuck
165,But it is That's one black artist I didn't say no black people win I said they aren't fairly represented to say that because one black artist swept a majority black genre one year they are is false It's just using it as an excuse to refute every other year and other categories that the Grammy's didn't represent them fairly
167,Depends unused RAM is wasted RAM that you're still powering so if you have a lot of extra then a browser might as well use it to be faster but if it's wasteful or you're pressed for free memory you'd want a more lightweight browser
170,There were many rumors she did whatever she wanted and he really didn't do much about it because he was so in love with her Sounded like a Sunny Candido situation just not as extreme He followed her out the door in protest when she got fired for pissing everyone off and she ended up leaving him not long after I remember he had a breakdown over it on his site when more pics showed up online of her blowing some indy wrestler
172,Because we have a lottery pick coming in Because this team has increased in wins each year for the last three years Because your best and most consistent player this playoffs has been sitting out
184,I'm not colorblind but the studies I saw provided image examples and the normally colored original It was always always easier to pick out a silhouette from the background in the 'colorblind simulated' image
189,You're really suprised about this Guys are out there slaying wildebeests at the club not thinking twice
190,Well yea I mean they didn't want you to just make 20 full power pokemon within a month of the game being released
194,Deportations were necessary in rebellions as it was the standard European way of dealing with a large rebellious region deportations are not equivalent to genocide
198,I invite you to go onto the bastions of liberals on Reddit be r hillaryclinton r enoughsandersspam or r enoughtrumpspam The liberals are openly hostile to socialists and argue against them like they're right wingers Liberals are not our comrades and do not remotely have the same goals as us Liberals economic policies fuel right wing populism
199,Lol you statist schmucks love to bend over backwards to justify theft What happens to people who don't charge VAT on the good they sell Enlighten me
202,Yes I agree I haven't come across to many other Atheists that are opened minded Good to know ya
204,Every violent revolution in the history of China has been at a scale that most people can't even imagine and the next one will be very bad Maybe it'll happen soon but I highly doubt it things are going relatively very well for most people Most people calling for blind revolt are ignorant about possible consequences just want to watch China burn
205,After reading this AMA I decided to look the incident up For sure this man had one if not several mental illnesses including NPD Here's http bletstalkaboutit runboard com t34 the link it does go into detail about OP's fathers history So many red flags to highlight Monetary obsession controlling abusive there's one that really stood out though he was a hunter and would make his fianc e an animal lover skin the carcasses
213,no bro i would never sue someone because i could of been gotten hurt But that logic sounds great im going to start suing people that cut me off on the road even though i didnt get into a crash i Could of
216,Sure In general these polls underestimate regional parties and rural voters I will be very happy if BJP wins the election but i dont believe these polls Though if you go outside echochamber of this sub you will realize that most people supports demonetization
217,Thanks for replying What if I try to do a water fast and eventually give in and do a one meal fast Does that nullify my previous efforts
219,This was an amazing read Moving from more and more people owning to renting while concentrating ownership in just a few hands that's a very salient point
230,It has nothing to do with gay marriage He has flat out said that he doesn't believe gays should be allowed to marry Unless that changes I really don't see how it is incorrect to say that he doesn't believe gays should be allowed to marry
233,Pretty immature post tbh Considering the fact that some people who read in this subreddit actually are depressed immature rethorics by trolls Dunno really what to do with this message either it doesn't really make much sense Perhaps it's 2witty4me though
234,So would your theory be that a majority of unsolved murders are likely committed by whites
239,So a war with Russia with their nuke subs wouldn't result in the coasts of the USA being turned into glass by a vast swarm of short range thermonuclear weapons Are you seriously suggesting that the US Navy can prevent short range nuclear weapons from doing that Are you that retarded I mean I knew Democrats were thick but that's just next level What do you think Obama enlisted Gandalf to fucking fight
241,Fuck thank you I felt like I was taking crazy pills reading most of these quotes Even communists would need to protect shipping across the seas
243,Just read the dozen other water on Mars articles that were already posted here over the last week
248,He's an android he doesn't have convictions only orders I highly doubt those orders could have been changed or manipulated by Shaw in the time they had together to better serve the benefit of his fellow crewmen or if any more came along by The Engineer's planet
251,There's a difference between that and self flagellating allowing yourself to be walked all over No one deserves the type of abuse white people take nowadays eg affirmative action and the white guilt being heaped on us in school and the media We don't deserve it and it's sad that so many white people are fine with it And here's a newsflash we create the majority of new tech We're the most innovative If we go the world stops progressing It's in everyone's best interest to maintain the little control we have and to repopulate
254,Oh I came here to say this What is the appeal there You and I have different tastes in men but this is one we BOTH for sure agree on Yuck
255,oh my god I'm so sorry you had all these terrible terrible things done to you I can't imagine the nightmare your life must have been growing up That there are monster in this world who would do something like this to you is horryfing and I hope your tormentor burn in hell for eternity for there is no punishment that will ever ease your pain I just want you to know one thing none of what happened is your fault and that you're not worhless You're not a terrible person but the world who let this happen to you is
258,Should you be assumed not to support the alt right until proven otherwise I don't know you and have no reason to extend the benefit of the doubt
262,Like I said it is your choice I don't care about responds only thumbs up We can agree to disagree I know I have no value as a person
264,That's the whole point of her character though is to grow out of needed help and into a strong independent woman who can venture out on her own without your help
269,Well if you're worth millions and just want to smoke blunts all the time I guess you don't need to make the best business decisions haha Honestly doesn't sound like a bad life
279,One of the ways I've seen the 457 visa holders abused was through poor working conditions The employer constantly holds the visa over their head Complain or cause problems for your employer your visa is cancelled and you're out of the country Salary was an issue in IT but you're right it wouldn't be much of an issue for most Cooks
286,That's just a means to an end I think a lot of folks are really starting to wonder whether or not the GOP is filled with Russian traitors Seeing as their base doesn't really need a single iota of supporting evidence for any of the ridiculous claims they throw out and that there is plenty of compelling evidence for this idea they're constantly trying to run the country into the ground and do share a good lot of social values with the Russian leadership I don't see any reason why we shouldn't continue to discuss the possibility
290,I agree in theory but in actuality you'd have to take a day off work to go fight a 200 charge in court with your dash cam footage and it's not even necessarily going to be slam dunk
295,Generally bad advice for people because some people are UAW under accumulators of wealth no matter what their income level is they are always saving investing too small a portion A lot of millionaires are not from households with annual incomes of more than 100k according to The Millionaire Next Dor book
297,Welcome to r pokemontrades To facilitate easy and secure trading users are required to set their flair before posting outside of the Daily Discussion Thread Info posts or Mod posts Since your flair is not set this comment has been removed Fear not though You may set your flair by clicking here https hq porygon co flairtext and adding the appropriate information Once you have set your flair and read through our Rules r pokemontrades wiki rules please repost your comment If things seem confusing we also have a Quick Start r pokemontrades wiki quickstart guide intended to give a step by step process for new users Again welcome and happy trading I am a bot and this action was performed automatically Please contact the moderators of this subreddit message compose to r pokemontrades if you have any questions or concerns
304,Most of the conflict in the Middle East is Muslim's attacking Muslim's If you think that the conflict in Israel is the reason for the entire Middle East going kaput you need to do some studying Really uneducated to insinuate that everything in the Middle East going wrong is somehow Israel's fault
305,Robert blames voter fraud for the reason he will not release his tax retur uhhh I mean tabs
307,5'10 is average height and 5'10 is still a fucking manlet bet you believe a 3 5 dick is normal too you're a midget if you quit growing at 14 and you're not 6' accept it
309,Mine and many others apparently as you dedicate your free time to badgering every person who presents an opinion that is anything less than 100 stoked about Hearthstone Cringe all you want shillius
310,You can choose where you work though and if your job is causing you to be so upset it's time to find a new one Stress is a perfectly valid reason to quit a job No one is telling her not to work Maybe just not work there I know there are certain jobs I can't do because the stress would be too much and that's ok It's ok to admit you can't be in certain lines of work Because so many people work in retail because they just love it despite having many other prospects at the time It's unusual to see someone so blithe about oh she should just find another job as though this is something who had a choice of fifty jobs and decided to work in retail
315,Used to have a manager people called big mike He had anger issues so behind his back we called him the troll or hulk
317,This just in He was a great smart kid always stayed out of trouble This according to his mother
321,I know that my universities student union has been campaigning for 4 years regarding this issue meanwhile my friend who's m f is nonplussed and questions why people just don't get on with it
323,And once they phase it out the form factor will go poof and we'll be stuck with a tablet tethered to a home console purchase Can you tell how excited I am
328,Should have given them back to her Her punishment for ignoring and being a inconsiderate jerk
331,Ok doing a trade soon so give me a few to do that and scratch the codes
336,But burning American flags and waving Mexican flags is Trump loves America https youtu be OCabT O0YSM There's no disputing that He sees that the country has flaws The borders are unprotected putting people at risk The political process is thoroughly corrupt Foreign leaders own American politicians Trump cannot be bought Hillary is the epitome of corruption The DNC and it's supporters pretend there's nothing wrong with America because they like the broken system the way it is People like you are useful idiots to them
338,Could you explain to me how Hillary saying worse things makes what Trump said not as bad By your reasoning I could mention some people who have said a lot better things which would in turn make what Trump said worse
340,Then you should have quoted the IIRC line said He did Here's the source and given the source Quoting the he never said that line makes it look like you're correcting him
341,I don't know if I'd call it stalling but he's definitely hesitant to tell me much right now
342,A lot of parenting can be summed up with 'deal with it now little or deal with it later bigger' I inspect dishes after my son's turn with his chore because most of them need to be rewashed It would be much easier for me now to just do them myself but later I kind of want an responsible autonomous man for a son So I deal with the hassle now and don't get a lazy bum later in life It seems like there were a few things they didn't nip in the bud and now it's coming back in a much bigger way So I suppose at least in my eyes if you're going to breed follow through with it and teach your spawn accountability and respect You can start that at 1 year of age Much harder to do at 17 obviously
343,I can get 12 13H SOT when I'm trying this is the part that intrigues me to much with this phone I am eager to try to optimize battery life and if I can get through the day with that much screen on time I'm very active on my phone since I do this for a living then I just might switch to it
347,That's not what I said or implied I'm asking you can someone be considered personally pro LGBT if they are personally against allowing gays to marry I think that answer is no And in that sense Trump is not personally pro LGBT
348,It's a family destination Rather parents taking a bit of romantic wild time while getting away from the kids
351,It's not even realistic to have private insurers be the primary insurer They can't build the risk pools to effective manage finances We need universal health care and allow insurance companies to run secondary coverage
353,You need a GOTrade Pass to be able to use r GlobalOffensiveTrade which will allow you to make submissions and comments on the subreddit Read our rules https www reddit com r GlobalOffensiveTrade wiki rules in their entirety for instructions on getting one If you've registered far in the past due to changes with how the system operates you will need to register again If you have already re registered please make sure the Show my flair on this subreddit checkbox in the sidebar is checked I am a bot and this action was performed automatically Please contact the moderators of this subreddit message compose to r GlobalOffensiveTrade if you have any questions or concerns
355,Surely given his prior naming schemes his week looks more like this Day Day 1 1 Day 1 1 Reusable Day Full Thrust Day Fuller Thrust Day Block 5 Day Heavy
356,I heard that it was due to the parents lifetime of sins which have gone unforgiven As you age the more sins you have committed
357,I loved how easily you can pick the two brothers out in most scenes once you know to look for it
359,Of course I realize they shovel the snow in the bike lanes in forward thinking places as fantastic as Copenhagen but I didn't see any planters separating the bike lanes from car lanes like the OP mentioned they use in Van City which rarely gets snow due to temperate west coast climate
360,Which is why I'm very curious to see this tighrope of an election they are walking On one hand they hate Trump but he is still the party's nominee I'm sure there are plenty of conservatives who wouldn't mind seeing 4 years of Hillary while getting an opportunity to groom some actual conservatives to take her down in 2020 due to her unprecedented unpopularity That's what I'm hoping for at least
361,It used to be an active part of the game for me And now it's not Enjoy your 20 coins for an hour's work you'll be on our side eventually Promise
368,How did your brain damage come about Just to clarify I'm not asking because of the Mexican thing Same question goes to any Trump supporter There is no excuse for anyone to support him It is not in anyone's rational self interest You have to be either incredibly stupid or an incredibly awful human being or both in a word deplorable
369,Wehrmactboos must be fought wherever they are found Wehrmacht fact of the day Did you know the Wehrmacht carried out 714 mass executions Please reply Unsubscribe to Wehrmacht facts to stop receiving updates
373,I read every one of your comments after this post because it caught me off guard It sounds like you're dealing with what everybody in the NFC North has dealt with from your fan base since the start of r nfl The only reason you notice it now is because more Vikings fans are active Sounds like you're being sensitive to me
374,Thats more than ok Tbh I wouldve done it for free but I really wanted that luxury ball starter 3 If both eggs hatch the same thing let me know Ill breed you something special
375,Pretty much everything was 1 1 This was probably the most important part so far in the series and leads to a complete change in Subaru's character So they didn't change any of it from the light novel
377,It kind of is in a way The exhaust is sorta like unused remnants of fuel
381,Money for nothing u wise batta Price Menu from the Clinton Foundation Ambassadorships UK 10 000 000 Singapore 5 000 000 Spain 2 000 000 Super Saver Special Japan 2 000 000 Bahamas 1 000 000 UN 500 000 Must be SJW Switzerland 500 000 Belgium 250 000 New Zealand 200 000 Libya 0
384,innocent of what Yeah see there's the problem The phrase is 'innocent' full stop unless you can prove they are guilty of something As to your second question there's always room for another volunteer of course but it's not necessarily making someone's life better overall if when volunteering you also give them handfuls of judgement and demoralize by presuming guilt over innocence Can you imagine trying to pull yourself out of poverty when everything you do is scrutinized as if you are trying to be malicious in doing it Because that would damn near kill me
391,Once my 6s finally decides to kick the bucket or it just gets overly phased out I'll definitely start looking into it I'm by no means afraid to try new things and I do enjoy the active backgrounds I've seen in the past think pac man running in the background I admit I've seen few examples on iPhone
393,Well ok you might But by then it's too late because I've already orgasmed and that's what this is really all about
395,In that case Hillary's list of flip flops is longer than a horse's penis All the more reason to support Trump
401,If you can only catch a starter because there are no Pok stops and wild Pok mon nearby I fear I have to dissapoint you I'm in Germany and downloaded the APK and everything is fully functional even before the official release besides the server issues So I doubt anything will change for you when the game is officially released
404,It should be noted that Paulus said this to a soldier Cornelius after the battle was obviously lost The Roman cavalry had been decimated by the much more effective Numidian cavalry of the Carthigian forces and realizing that and also that the Roman forces were being surrounded the Roman cavalry decided to dismount and bolster the Roman formations on foot this instead of fleeing which would have been a smarter move This quote by Paulus is directed at on of those cavalrymen who after realizing the army was doomed found a horse and attempted to extract Paulus from the battle instead of himself Imo this makes the quote have a sort of double heroism because the cavalryman was in the midst of his own selfless and heroic act when Paulus one upped his selflessness by telling him to get himself out while there was still time For reference the two consular Roman army was surrounded by the much smaller Carthigian forces so effectively that they could not even fight back in any meaningful way Hannibal nullified the Roman's greatest strength their numbers by essentially herding their meticulous formations into a chaotic clump By Livy's account it took Hannibal's army an entire day to mow through Rome's forces The dread was so intense in many Roman legionnaires that some were reported to have dig holes at their feet and bury their heads to suffocate rather than waiting hours like a sardine for their deaths with the screams of their brothers in arms being cut short in every direction around them So it is amazing Paulus decided to essentially stay for that party
408,ah that's no problem just check this thread or the spreadsheet if trading is open I see I added you already from a trade on my first threat here yesterday
409,That's not strictly true iirc Luna can actually give a pretty decent gravity assist to Mars however it's very rarely in the right position at the right time
410,Step one stop apply autistic levels of literalism to political speech Step two Step three realize that elites is obviously meant in the context of elitists and elitism Step four feel bad that the dumb redneck conservatives you look down on could figure that out and you couldn't
411,Yeah I live on the Gulf coast of Texas and the humidity makes and minor chill in the air seep straight into your bones
414,This is great advice they can allow a one time overdraw for the 100 and you would be looking a 20 30 fee That's the highest I've seen anyway Way better than a payday loan at 200 interest
415,To be fair leftists such as myself aren't the only ones who insert politics into everything in SRD pretty much every SRD thread even remotely political has a handful of right wingers from Drama being contary up and down the thread Can I condemn them for being political Not really I get political on reddit the whole time it's just venting really SRD is a place where right wingers centrists liberals and leftists all co exist and are kept in check by the benevolent dictatorship of the mods
421,I haven't laughed like that in a long time If you read your comment you aren't helping him anymore than I am Just asking him pointless questions notice the title of the post living seems pointless I might need some help but that makes you just as twisted as me then Calling me names over the internet when you don't know me at all It's okay though because I couldn't give a fuck
422,Once a deal is mostly agreed and this was to pulling out at the last second because of a change of leadership is very bad business as such it was a done deal
423,Tell me again how it's not racist to erase someone's identity because you don't like them Tell me again how saying black people cant think a certain way isn't racist
424,I don't think any other president's though were managing a multi billion dollar enterprise That's not really something you can treat as stocks and put into a blind Trust is it Also would it be fair to force the company that his family but out of the hands of his children
425,Some parts were private conversation How could you even cut it to make Swift's reaction directly reference what Kanye was saying Don't start defending her actions now
434,I think if I'd been comfortable skipping entire chapters the book would have gone a lot faster There are hundreds of pages dedicated to stories about obsessions with stockings eating captain crunch unnecessarily long descriptions of ultimately pointless adventures that have nearly no significance to the rest of the book naming of ones prostate it goes on and on for no reason forever
436,Gerrymandering isn't because of their minority status it's because of the fact they vote for the other party
437,Exactly my point You will be down voted however for failing to uphold the capitalism is a big bad meanie socialism is superior narrative
438,Honestly dude I'm sure as long as you don't have the Sound and the Picture up at the same time for 30 secs you're cool It's pretty creepy though I have to warn you
439,Her garbage reaction to her garbage movie might have something to do with it Yep I'm a shitlord racist for not wanting to see a bad movie
440,So you want to tear apart the thing that created the USA and let a vile cancer of Islam take over You're simply not an atheist if you do not realize the exponential danger of Islam you're simply a brat rebelling against daddy that provided you all the comfort and safety you spoiled brats take for granted and have no way of appreciating because it was simply handed to you without having to work for it GONE atheists in the Middle East and report back if you're such committed atheists
441,Not everyone can afford to pay a literal arm and a leg to check something out at the doctor's office that may or may not actually be important or life threatening Ain't nobody got time or money for that unless you like to pay hundreds of dolars to be told everything is fine mmkay
446,Took Jesus three days to die on the cross you did in ten minutes Femenism works people
448,Imagine The Flash but he can only run out and back in the span of a single heartbeat They don't really expand much on that definition like what happens if she runs as far as she can during that heartbeat Does she teleport back or what are the consequences if she's not back at her starting point by then What happens if her heart is beating faster say during combat
449,This comment has been removed All spoiler tags are required to be titled with the name of the show or source they spoil Please edit your tags and respond to this message to have your comment reapproved Have a question or think this removal was an error Message the mods http www reddit com message compose to 2Fr 2Fanime Don't know the rules Read them here r anime wiki rules
461,Yes and I do apologize for being so vague However I'm still trying to pinpoint how this photo makes me feel It's haunting and harrowing yet beautiful and reminiscent of something in my past I am certain of one thing though I've never had this type of reaction to a photo before
462,He said if he doesn't start to get better then he would get help The last few times I asked to meet up it would've been to just go to his house or have him come over but I couldn't go to his as he had some problems at home and he didn't want to meet my parents for the first time when he was feeling how he is at the moment It's definitely possible he feels like a burden he kept asking what I saw in him and why I'd bother with him I said I still want to talk and we had been Maybe I'll text him tomorrow evening and see how or if he responds to it
463,Oh the I have respect for myself was to be in reference to how else the word could be used Whore can mean sex worker permiscuous woman or a woman that will do anything in sex because they don't respect their body People got to make a living and I don't look down on those who use sex as a career
465,You are the one is dumb and ignorant Firecrackers are not the reason for serious pollution problem Construction dust vehicular emissions esp old trucks and taxis industrial emissions burning of waste wood etc are the major sources of air pollution If only firecrackers were responsible pollution wouldn't be so bad throughout the year
469,Report him to facebook for contacting you from multiple accounts He can get banned from facebook on both accounts D
473,Well it's a bit disappointing but it is explained in this video https www youtube com watch v 1k0YsrTBEYM around the 4 30 mark Basically they tacked the whole Winterfell scene on afterwards because they wanted to create a feeling of coming home going back I think it would have been much more powerfull if they had the battle like it was killed captured Ramsey on the field while he was running Marched up to the gates of Winterfell and whoever was left in charge there yielded the castle without a fight saying something along the lines of The north remembers or Welcome back Lady Stark Queen of Winter Signalling that with Ramsey gone the people of the North are no longer afraid to declare for house Stark Cue epic music close up of a smirking Sansa and roll credits But I understand why they did what they did something like that would have taken quite a bit of screen time This works even though it goes against a number of established facts of the books those facts were never really established in the series And I find both the books and series are much more enjoyable if you watch read them as two separate stories
474,Heterosexuals can afford that Their sexuality is the norm they are not forced to face it on a daily basis When your whole life you had to carefully manage an important part of your personality into all your social interactions who knows who should know will it harm my career will I get beaten up for it it automatically increases in importance
475,Blackfire rebellion would be interesting Daemon Blackfyre the best fighter of his time versus bloodraven Sign me up
477,Socrates was tried by the democracy not the oligarchs whose rule had already ended by Socrates' trial Nor did opposition to the oligarchs have much to do with his trial though he brought up his resistance to the Thirty as a counterpoint to the very true accusation that he had remained in the city during their rule if anything Socrates was thought of by much of the democracy as being overly sympathetic to or at least influential among the oligarchs of the Peloponnesian War and the Thirty Tyrants with whom he had personal connections
482,If you're going to troll you need to try a little harder C51 a fundamentally different bag of bones here
487,Legit got banned for asking a question there Not a clearly offensive question either Just a question about whether something was a good policy Yeah Discussion
488,It's common courtesy on r DIY Some people have posted up to 50 progress pics before the completed one at the end Not only is it a pain in the ass to wait for them to load depending of connection speed but it also let's you skip the post if not interested in the project
491,It's a list of the people who bought The Next Decade a book by George Friedman It's nothing
494,I said self determination not Saudi backed nor Russian or Iranian backed as you do You're just too full with Assad propaganda to tell otherwise
495,BayKerE video comment use video 2 it is a terrible video but its perfect to let you know what to do aslong as i dont get anyone else to ruin it its perfect
497,Hang on because I said people would look at your opinion differently What exactly did I say about it Not a fucking thing Stop weaseling yourself out of this you know damn well what you meant You don't want to be confrontational and you felt the need to criticize my criticism of the song because you were offended by it Yes you were offended by it admit it Admit that you felt the need to defend how others would also be offended by it But you won't do that because that is what triggered SJW will do Let's break it down Social Justice Warrior You are fighting for other people warrior for equality social justice You want to see yourself as the proud knight defending some faceless group You couldn't just say Yeah I would have worded it differently but you make a valid point Or even I don't think he sounds like that at all I think it sounds beautiful Nope You weasal out of it you want to say I am offended but you need to direct that offense elsewhere because you don't want to be confrontational Oh Boo Fucking Hoo I used the word faggot in its negative connotation of the worst kind of homosexual who cries and moans and makes himself sound like an effeminate bitch because you know what those kind of homosexuals are worthy of my derision and that's exactly why I used the word Stop being a fucking pussy If you want to say something then say it Take a position Otherwise STFU
499,You seem like one of those teenagers who thinks they get humour and anyone who doesn't think you're funny is either sensitive or not up to your standard Reality you're not that funny
500,I'm not a big fan of the edge screen because I cannot find ANY good screen protectors or anything which is annoying What do you like most about the 10
502,nope but I think you really want to entertain a perspective on reality where that is the case so I hope that works out for you
504,But this says they'll always be denied no matter what Which is a really shitty law
506,Everything he's done Does that include the times he says Merry Christmas Because I could see how everything he does relates to his islamic fundamentalist teachings
512,you notice no one is actually complaining about the person being against against trespassing or not liking pokemon go but actually about the person going beyond that into you need to get a life because you like something I don't stop liking things I don't territory but keep burning that strawman
514,I was starting to think OP was a troll because this was coming off as some dramatic exaggeration of millennial entitlement and she claims to be transage saying she identifies as 12 14 and not her actual age
515,Both parties pick the best candidate to represent the parties themselves In what scenario does it make sense to allow a non democrat to decide who is best to represent the democrat representative in the general elections
519,How do you make sure he won't just blame Democrats Crooked media Crooked Hillary Muslims Globalist International Power Structure and have his sympathizers gobble it up
520,Kik is basically a chat app Kinda secure used to be fun has been increasingly getting bad rap
521,Neither Orlando nor San Bernadino had any involvement of the Islamic State whatsoever Stay ignorant fucker
529,user trot trot Please post any comments that are not a photoshop as a reply to this comment and leave the top of the thread for original content I Bot removed my first comment to keep this nest at the bottom of the page Other subreddits for 'shoppers r cutouts r battleshops Posting a cutout Please read this r cutouts wiki index wiki flair 3A Helpful links for this image Other Discussions https www reddit com r photoshopbattles related 5eayw1 psbattle 3 polar bears KarmaDecay https karmadecay com r photoshopbattles comments 5eayw1 psbattle 3 polar bears Google Image Search https www google com searchbyimage image url https farm4 staticflickr com 3950 coverphoto 10199734 N00 h 2ejpg This is an automated response FAQ http www reddit com r apicontraptions wiki apicontraption faq Send Feedback http www reddit com message compose to apicontraption subject Feedback thingId message Link to post https www reddit com r photoshopbattles comments 5eayw1 psbattle 3 polar bears 'I like feedback'
538,puts children at greater risk of serious injury Shit if a beat slap leaves some sort of mark for even a day then that parent doesn't know how to do physical punishment
540,you have to be very brave in order to attack and potentially hold your ground facing such bombardment or you have to be a horny moron motivated by stories of 72 virgins
541,He just comments on every post in the default subs I see him all the time too because it's definitely a memorable username
544,I imagine you don't remember Watch some of his interviews especially after a loss but before you do do this 1 Clear your mind 2 Meditate 3 Imagine its not Aaron Rodgers the QB you love but instead its I don't know Cam Newton 4 Try to imagine how you'd feel if every word Rodgers said came out of Cam Newton's mouth 5 Tell me he's not a dick
547,We ask that answers in this subreddit be in depth and comprehensive and highly suggest that comments include citations for the information In the future please take the time to better familiarize yourself with the rules http www reddit com r AskHistorians wiki rules wiki write an in depth answer and take these key points into account before crafting an answer Do I have the expertise needed to answer this question https www reddit com r AskHistorians comments 1jsabs what it means to post a good answer in Have I done research on this question https www reddit com r AskHistorians comments 4kngwh rules roundtable no 11 no speculation Can I cite my sources https www reddit com r AskHistorians comments 3wn71y rules roundtable 1 explaining the rules about Can I answer follow up questions Thank you
548,First desalination requires a fuck ton of energy It is not a real solution Second it will be a drop in the bucket for sea level rise However you could flood death valley and change the weather in the region
552,Because it wasn't a tutorial on how to build something If you'd posted a step by step on how to make a 7 year old sized Tardis that would have been on topic here Documenting a child's birthday party even if it has a cool theme isn't really what r DIY is about even if you've done it yourself Sorry
553,The great quote is something along the lines of at the moment I jumped I realised that all of life's problems have solutions except the fact I jumped off the bridge
558,Both sides do this all the time it is unfair to blame it solely on the republicans In fact one could probably make a case the democrats have been doing it longer and the Republicans are now catching up See illegal immigrants child on stage talking about how sad she would be if her parents were deported http www weeklystandard com out of the shadows illegal immigrant addresses democratic national convention during primetime article 2003494
561,Yeah each subreddit has rules and this one has a bunch regarding people being racist homophobic sexist etc I feel like the moderators pick and choose who they wanna ban and who they let slide though so who knows if he'll get banned or not
562,What does that convert to in Microsoft Zunes I hear the hacker was looking to have a ransom for the passwords paid in those
563,Jesus man I'm not reading any of that at all but I hope it made you happy to type it out
564,The number of people who have the same password for their netflix and their bank account
565,Dude you're being an ass with the title and description there is no need to say so I can sell it at 12 dollars that'd be like everyone saying can I have a bayonet for 43k so I can sell it for 44k thank you
566,Do you know who I can get in touch with Like what's the profession that deals with that I'm sorry I'm pretty young and terrible at the life thing
567,I know Weeaboos are quite cringey 90 of the time but jesus christ you take the biscuit Just watch a show and enjoy don't all Autistic about it
568,But that is a benefit and asking for moving expenses seem disingenuous when the guy plans to move Shouldn't he take into account how happy they will be being with SO
570,Yeah I agree wholeheartedly do your best If you have examples use them To be clear if you don't have examples you still sell yourself as best as you can I think we're on the same page
578,We currently have Carter Bush I Clinton Bush II and Obama That's still five At new inauguration could have six
580,Hey Griffork Are you factoring in the 1 candy you get back per evolution You get 1 candy back after you evolve a Pokemon and another candy if you transfer it after evolving it
585,after a massive head trauma the correct procedure is to crowd around the victim and force him to stand on his feet while shouting in his face make sure to cover the wound with your bare hand and press tightly as you push him forward towards his grave
588,Thank you for your response Yes I read what I could And the writing thing was the first bit of advice I read which has worked so far That was my thoughts about the SOL as well but I was scared to make an assumption that they wouldn't have enough time and was unsure officially when the SOL started I do have a question if you don't mind does the SOL start from the first date of service I assumed it did based on what I read
590,Honestly if I was renovating a property top to bottom and the floor was coming out because a steel beam needed to go in then I might let them have that option IF they agreed to a three year lease and are well qualified But even then there would be a Some restrictions apply type deal
591,I've not been to r conspiracy for years Looks like a bunch of angry 14 year old idiots are trying to formulate their edgy anarchical policies whilst wanking themselves into a coma Do you even fucking listen to yourself
597,This happens quite often but they aren't referred to as a 'moon' They often spend a small amount of time orbiting earth and then return to a solar orbit They either have too much velocity or too imperfect of an orbit to remain orbiting earth https en wikipedia org wiki Claimed moons of Earth Temporary satellites
601,Terrible suggestion Destroying evidence of a crime is a crime in and of itself If the server is managed by the hosting provider then there are likely backups that still contain any potential CP so it would be fairly trivial for the FBI or local authorities to recover any CP and determine that the admins attempted to delete it
606,Although I own a PS4 I used my PS3 in the basement to throw a viewing party for UFC 200 I was pleased with the 45 HD buyrate compared to what Verizon would have charged me and the stream only got funky twice although I think the old PS3 might have been overheating
607,But the government said that they would vet them even though they have no paperwork to even prove ID surely we can trust the government
609,People who are smarter than smart people surely haven't spent much time thinking about whether or not Kayne was completely right and justified in storming on stage to defend the video for 'Single Ladies' For fuck's sake
610,Looks like you're trying to pick a fight or like you have some kind of insecurity problem chip on your shoulder Immigrants and Canadians come in all colours firstly Secondly nobody is generalizing immigrants We get immigrants from all over the world and they all have different experiences and values etc what I am generalizing is Canadian values because there is a broad consensus on those values here in Canada I would like for immigrants to actually succeed in our country and not fall into a trap of poverty or social exclusion which it seems people like you actually want so that you can stand up self righteously and complain about what an evil terrible racist country we are we aren't Part of helping them succeed is to help them acculturate and assimilate to Canadian norms so they can not only participate in Canadian society but be accepted by the people
611,Wait what anti tank item buffs The LDR and Giant's slayers are minor nerfs They're both worse than they were before unless you reach the max hp difference in which case it's the exact same
612,It is an affirmative statement based upon research It makes a claim in its title which we generally only allow for CMV posts You can reframe it to ask if people agree disagree with the findings but as it stands you've posted to a link and made an affirmative claim
613,I just find it seriously funny how Trump supporters are screaming at how Hillary is corrupt and crooked when their candidate is 10x more corrupt and crooked
615,well considering they are being controlled by the mushroom on their backs it is very probable they are not feeling anything at all
616,Why does English apply the words in this fashion Mostly because England got invaded A lot Mostly by the French or ethnic groups that would become the French later like the Normans That put a lot of pressure to absorb words from those languages For example that's where the different words for animals meats comes from in English The ruling Normans commanded the peasant Angles to bring them beef and pork and poultry while the peasants tended their farms that had cows and pigs and chickens English is particularly good at absorbing words though because of its fairly unique grammar A huge amount of information in English is encoded into word order rather than suffixes We don't use case endings anymore and our tenses use pretty simple endings or even just modals like will go So when for instance Russian is exposed to a new word it has to figure out what gender it is put the appropriate ending to make it that gender if it didn't already have it then figure out how to conjugate it if it's a verb or how to modify it for each case it has to be put in etc Then your listener has to backwards engineer that word from the very little context to figure out how you think it works or how they think it should work Meanwhile English just goes shit is this word a verb Well the order is almost always subject verb object so yeah shove that word right there in that verb slot and let's get rolling If I give you complete nonsense like The ollocks glaffed bartly you automatically know that ollock is a noun and it's been made plural glaff is a verb and you can conjugate the whole thing I glaff you glaff he glaffs I will glaff etc and that bartly is an adverb You don't have to know what any of those mean it already makes at least a small amount of sense Other languages can't do that or at least not nearly as well So when English is given a new word for instance some French guy says rendezvous we can just go Hey that has something to do with two people meeting right Actually it means specifically I meet with you Cool I want that to be a noun now meaning something like a meeting I have a rendezvous at three this afternoon Done Now I want it to be a verb again I will rendezvous with you later Done
618,Judaism is a race a religion and a culture I am all three My father does not believe in G d and is two My mother is a convert from Polish Catholic stock and is two
620,This is the most important election of the 21st century We have to address climate change now This is our one and only chance to save the goddamn planet and everyone around the world is watching
622,dude fuck buffalo ww i get the shits EVERY time i go there regardless if its a burger or just lil chicken strips like wtf can u put in a lil strip to give me the shits
625,Yup One can actually find a few feminists talking about male issues And one can find MANY more feminists doing a LOT more talking about female issues while pointedly leaving out important facts that bear on many situations All No Too many Definitely
626,So if your immigration policy includes having people come in in an orderly fashion it's not rational to have a structure to aid in that order You're trying to parse this and just looking silly
628,The school administration changing everything to suit your individual needs is not how things go in the real world
630,If it wasn't Hitler it would have been something else The endgame is to displace whites leading to our extermination Hitler is just a tool they use
634,Doubt that's true Source I've seen a cop in Manhattam give a ticket to brown paper bag beer drinkers
635,I love the neck beard anti feminist rage in this thread absolutely hilarious Yea woo tell him The thing that gets me is that you don't realize you're as obnoxious and illogical as feminists themselves dammit
638,Oh presidential right edit the polling has her currently losing against all candidates but Hollande who seems to be an extremely weak incumbent so as long as that trend continues I don't worry about her winning
641,Obviously he knew because he's a democratic plant and he got the information from Hillary who after all is one of the founders of ISIS They're doing all of this right under our noses folks There I just merged two conspiracy theories into one
642,Oy vey Good goy multiculturalism is good and healthy for Australia We need to get of racism and islamophobia
644,This is exactly why I hated school So many review days and so much time to read one goddamn book That said the idea behind the common core method is much better in my opinion just not the idea that we can all learn it at the same pace if at all The good teachers already knew how to teach with this mindset My Physics and Calc teachers would always build up a concept and bring us to a formula or new area organically rather than just throw it at us Formulas are much more effective when you understand how they were derived The problem was grouping us all together as if we had the same abilities
647,Was that not ECHR which is different from the EU And anyway thought you lot didn't like sovereignty when UK courts rule either
651,As a content creator yes Youtube tracks who sees ads and who doesn't and the more people who don't see ads the less money you make If you're using an AdBlocker on Youtube you're actively hurting the creators whose content you're consuming
655,Thanks I've been working on my game since I just started an insta lol mariozeats if interested
657,You're right In that thread of mouth breathers being awful to a girl the real victims are the guys You're like the Lorax Thank god you're here
658,I'm confused Why would atheism be blind belief Most atheists are actually agnostic atheists Dawkins Hitchens Harris Lawrence were all agnostic atheists Agnosticism is vastly different then agnostic atheism
660,None of this debate was about fantasy stats They were about football stats you know like the actual game Yards per game is not a fantasy thing From a football standpoint both Kansas city rb's Atlanta
661,Hey guys Swag TV Productions Gaming here with another guide This time I'll show you how to get the 'Going Down ' achievement jumps off the cliff of the level 1 tauren starting zone You have achieved 'Going Down ' And there we have it guys Please make sure to leave a like subscribe and follow me on twitter facebook instagram twitch myspace linkedin and neopets
662,You know when someone asks for a source on Generalplan Ost I lose a little faith in our education system https en wikipedia org wiki Generalplan Ost
663,I understand where she's coming from but I have to respectfully disagree She doesn't have a prostate and only you will know what feels good for you so having some sense of what you are going into is a good idea imho This forum often gets posts from men concerned about why they can't pleasure their partner They say their SO cant have an orgasm The first question from the members of this forum is infallably does she masturbate They ask this because expecting someone else to pleasure you when you yourself don't know how is pretty unreasonable
664,Do you mean Norway Because that guy is never getting out prison Mind you it's not a place any American would recognize as a prison
666,FDR tried to keep FDRs wheelchair under the radar I remember hearing there were even debates at times years later on whether to depict him in a wheelchair for statues or as standing out of respect to the image he worked hard to create for himself during his presidency in spite of the polio
667,Thing is the Martells were the ones already in Westeros passing their name down Nymeria married a Martell It's not a Rhoynar name
669,Your post was removed because it contained a slur If you wish to have your post reinstated please edit it to remove the slur and then contact the moderators it will not be automatically approved when changed If you want to know why you can't use slurs on LSC please read this https weeklysift com 2015 06 29 slurs who can say them when and why I am a bot and this action was performed automatically Please contact the moderators of this subreddit message compose to r LateStageCapitalism if you have any questions or concerns
672,You can ask him The word God is for me nothing more than the expression and product of human weaknesses the Bible a collection of honourable but still primitive legends For me the Jewish religion like all other religions is an incarnation of the most childish superstitions Or how about It was of course a lie what you read about my religious convictions a lie which is being systematically repeated I do not believe in a personal God and I have never denied this but have expressed it clearly If something is in me which can be called religious then it is the unbounded admiration for the structure of the world so far as our science can reveal it Those were written in 1954 the year before his death He wasn't religious he wasn't Christian he wasn't devout he thought the idea of god was for children and was VERY vocal about his distaste for religion You've been wrong in literally every shitty post you've tried to make about someone who believes in a god somehow being better or more moral than someone who doesn't and you can't even make that argument without verifiable lies and moving the goalposts Just stop
673,What the fuck does that have to do with anything That's nothing to do with what I'm saying
674,Hmm Thanks for clearing that up I always thought bacteria cells die as soon as alcohol enters them regardless of concentration
677,No objection but Bilal won't clear until next week no If you're set on dumping CMike grab the backup before Sunday and use that to drop later I like Rivers Cousins Mariota
687,Funny You'd think someone who hit the reply button to a comment would know who they are replying to There was enough to discuss if you could read and comprehend I don't understand why you keep showing everyone how stupid you are Is it some sort of fascination or do you get kicks out of showing everyone how pathetic you are
688,Why do all of these internet shills pull this stunt The guy makes ridiculous promises and falls short of meeting them He's a scammer I'm sure engineers at the auto companies already know this
689,Fuck Trump That fucker brings it on himself With his thin as hell orange skin Grow a spin mother fucker ALL in the public eye have and always will be scrutinized He just acts like a little bitch about what has happened throughout history He is an embarrassment
690,Lol reinstating Glass Steagall is far from lip service If you think it was a pointless piece of legislation regardless of whether you believe it is good or bad then I can't help your utter ignorance and failure to even perform a simple search of what Glass Steagall is was
696,Its so funny to see My Dear Government playing catch up with my observations After certain point it will become a tragic farce
697,I think there's also just a general dislike of outsiders and change that's pretty universal I like Breaking Bad and I like Battlestar Galactica but if I'm binging Breaking Bad and you switch to Battlestar in going to get ticked off I got invested in that plot I liked it I was comfortable with it and here you come in screwing up my weekend Fuck you If you want to watch Battlestar do it at your own home I'm not saying some people weren't upset about moving down the social hierarchy but that seems to be missing a big party of the picture especially when you consider how many people really weren't effected in that way and had nothing to be worried about Did we see this kind of backlash against lower class whites moving up in the world like with the GI Bill
699,OK I'll agree for a very limited class of people in a very specific country Nexium is cheap because other people are buying it for you and giving it to you For everyone else however it is a very expensive drug compared to others in its class with similar efficacy If that's what you actually meant I'm not sure how it was a useful addition to the debate The point you denied initially was that it costs a helluva lot more For most people it does End of
700,I absolutely agree I was disappointed to see that there wasn't the standard disclaimer at the bottom of the article disclosing that the two authors are with the Fraser Institute The first thing I did after reading the piece was Google their institutional affiliation I knew it would either be the Fraser Institute or the Canadian Taxpayers Federation both of which have a clear ideological anti l L iberal bent
701,AskHistorians has a zero tolerance policy against plagiarism You have been banned from the subreddit We are not fooled by your thesaurus skills
703,seems pretty straightforward identity politics there were a lot of people who view their america being taken away from them by the other more or less brexit remix
704,Actually if you read his archived Reddit discussion archived by users over at r the donald fyi what he wanted to do is impossible He wanted to change the sender address in archived emails So he wasn't incompetent he just needed to do things pretty much nobody can do
707,They pay taxes It's not a choice I'm not talking about taxes I'm talking about a dividend That's in addition to taxes Beer from cases where 1 bottle can broke and lots of food as bribes from restaurants pubs that don't want to pay the extra taxes for on license alcohol Or so I've heard Free beer ended a long time ago At least on the distribution end You do get free meals though but it's not a bribe It's just a courtesy thing Kegs are heavy And it really depends on your delivery route Not worth 6 an hour of course You make min wage and you're part time Everyone under 35 in my experience seemed to be part time
709,Salty Ig they called gold trans people and niggas are subhuman would we say that anyone that complains about its name is salty
712,It's not just the taxes though There are other wider consequences that are acreal pain in the ass that relate to security and the needs of corporate sponsors Believe me I live in an Olympic city It was cool but it's not all that amazing in the long run
716,Your reading comprehension is fucked I'm just gonna take a wild guess and assume that you looked at the picture and didn't read the article if you had you would know that the guy on the left wasn't the one who made the shot it was the girl on the right
720,It's worth noting that the British were known to run official brothels throughout the war I'm not aware of any being forced into it but still interesting to think about
721,I mean come on these STEMlords haven't taken organic chem They're a few years away from having to take chemistry as a class give 'em a break
723,That's not true Critics usually get a handful of episodes in advance to review the show So far it has received critical praise It's likely legit Also I listen to a weekly podcast about television with Andy Greenwald and Chris Ryan and they have already backed up the rest of the critical consensus by praising it Sounds like the show is a winner
728,http knowyourmeme com memes be strong for mother The TL DR is that there is a Pokemon fusion page and fusing weepinbell with doduo causes that abomination to happen and someone made the resulting comic ThatChrisG linked initially
733,This is the correct answer I'd like to add on it is true under normal circumstances that muscle cells do not replicate BUT they are multinucleated and can create more nuclei so they are still replicating their DNA which leads to ability for chromosomal problems But you're answer was excellent Source M D
735,I'd say it'd be misleading to suggest that Europe had such a clear advantage as you imply over the three major eastern civilisations I mentioned till much later This was partly a product of lack of numbers and losses to disease I concede but much of the early colonial history of the east was a matter of grimly hanging on to a few coastal enclaves there weren't the large territorial conquests seen in the Americas the Dutch and Portuguese could not prevent the Japanese from throwing them out of the country in the 1630s and the tiny Dutch toehold that remained had to trade on Japanese terms Even in less technologically advanced Java the main Dutch base at Batavia was closely besieged by the Susuhunan of Mataran in this same period and almost lost In addition to all that there were also legends of more advanced societies far to the south Again these don't seem to have been feared but they were certainly expected to be more advanced than Europe when discovered To expand on this a little contemporary globes and maps continued to indicate the presence of Terra Australis in the far south Over the years elements of fantasy had crept into descriptions of the South Land and in the sixteenth century faulty interpretation of the works of Marco Polo led to the addition of three non existent provinces to maps of the southern continent The most important of the three was Beach which appeared on many charts with the alluring label provincia aurifera gold bearing land sailors often referred to the whole South Land by this name The other imaginary provinces were Maletur scatens aromatibus a region overflowing with spices and Lucach which was said as late as 1601 to have received an embassy from Java The existence of these provinces was an article of faith for most Europeans in 1545 the Spaniards had actually appointed a governor of Beach a certain Pedro Sancho de la Hoz who was one of the conquistadors of Chile Even the more pragmatic Dutch did not entirely disbelieve for their ships had occasionally stumbled unexpectedly across a coast that they believed must be part of Terra Australis this was in fact the west coast of Australia
737,This is an unbelievably naive idea There are parts of the country where that could very literally be murder There are small towns where certain individuals would be denied food water housing and transportation and left to starve in the street Further more the businesses denying service would make money off of discriminating like that racist pizza place in New York that refused to serve a gay couple and made a million dollars overnight Also every single time there's a story about a business getting in trouble for denying service I see you posting this same shit and every single time people point out the flaws in your asinine perspective Can you not learn Allergic to new ideas maybe Or are you one of those people who can only write but can't read Seriously what the hell
738,I agree with that and did not mean to infer they were being a dick because they were asking for it Merely denying permission or requesting compensation isn't being a jerk I do think we're talking about two different types of people Professionals who want to be compensated know not to be spreading their work around for free in public where it can be picked up and shared by anyone Unfortunately I have seen and several my friends who are television producers around the country run across very demanding amateurs who don't understand what they've done or anything about fair use laws and just flat out act like jerks EDIT I see where the miscommunication was I should have used a semicolon responding or you're a complete dick demanding licensing and money etc Apologies for my pisspoor grammar there
739,Really You would rather be with an abusive biological father over people who genuinely care about you Being a father is much more than just genes Any guy can shoot some sperm but not all can be a good father
743,Some of the Nexus 5x had an update that made them go into a constant boot loop eventually making it a paperweight
744,I was a nerdy kid My earliest memories were of me watching documentaries about astronomy and the NASA space program I got into genetics because of Jurassic Park I was in third grade when I saw it in theaters and that's when I first started getting seriously interested in biology A few months later I saw my first episode of Star Trek The Next Generation The rest is history
746,You might want to direct that at the person you thought you were replying to genius
747,Well I sincerely hope you're right but my bull shit meter is through the roof Here's why You had a fight she decided to go spend some alone time at the house of the guy you were worried about He kissed her and she didn't do anything to stop it It takes two to tango She kissed him back She didn't tell you for several days She didn't even attempt to provide any validating details people who lie tend to keep things vague less to remember And the fact that you just accepted it meant she didn't have to provide any proof She didn't report it and made no mention of reporting it
749,Shit you scared now Typical trump traitor wanting a free lunch and killing all the black peoples I guess that's just how you was raised
750,Speculate There was no I think or I believe or I speculate that You literally said If they lock us out in an attempt to contain us and maintain the 'integrity' of the website we will unceremoniously spill into every subreddit That is not speculation That is a statement that users of r the donald will brigade other subs in retaliation Nothing ambiguous about it Stop trying to play the victim card
756,Pliny the Younger tells us in a letter Ep 6 25 3 4 that he gave a centurion named Metilius Crispus 40 000 sesterces for the purchase of equipment Could you please explain how much money this represented If this was considered fancy how much would a basic kit have cost
757,First year econ should generally be kept to class and not brought on reddit generalized publicly ultility x function graphs are primarily educational since the real world application of such is nigh impossible to graph when you factor in personal familial social and other considered forms of wealth such as philanthropic as Nick demonstrates in the OP by valuing his donation to the children's hospital
758,That's really my main point This game is in shambles and what are they doing to fix it Nothing or at least that's what it looks like They're too busy coding to tweet yet they can send out cease and desists left and right It seems like they don't give a shit about making a good game as long as nothing threatens the micro transaction shop I agree that botting was a problem but going for these Pok Vision apps is a waste of time that could be spent making the game worth playing If they fixed it the problem would take care of itself But that's the hard path apparently
762,Eh I think all morals are either influenced by the culture surrounding you observe cultural relativism which is then reflected in the laws on the books Either way you slice it your moral compass or lack thereof if you choose to solely follow the law of the land is rooted in a past culture who observed God or a present one whose laws are based on it
765,And none of them are presidential candidates The mods have given their word that this subreddit will not be used to campaign for any presidential candidate other than Bernie Sanders This subreddit is called SandersForPresident There is already a subreddit for Hillary's campaign this ain't it
766,That's the weird part Like okay if your fetish is big butts and it's impossible to deny it at least they EXIST in real life and you can find someone with one to be a partner When it comes to this or those hyper obsesses bronies who straight up fall in love with cartoon ponies or whatever that particular thing doesn't exist It's so weird to me
768,Sadly we all know that it will be unified under the South I don't think that is a given
772,Man what are clowns like you going to do when Obama is gone Still going to blame him for everything in 4 years Pathetic
775,You're right his relatives are old ish approaching 60 so they might've received a scam message I received no details on that But I really doubt it is a scam since we already confirmed Bob got caught by officers in the U S and that he's in detainment
776,1 hour of work does not an employed person make This honestly doesn't make much difference and Roy Morgan count someone working 1 hour a week as employed too The number of people working 1 hour in a given period isn't that big and it also includes a lot of people who usually work more Checking the most recent figures about 700k reported working 1 9 hours in whatever week we're talking about which is about the same as the number of people who have a job but worked zero hours due to leave or whatever Critically all these people reporting that they have jobs but worked 0 hours or 1 9 hours would show up as employed in Roy Morgan's survey too since they you know have jobs The biggest differences between Roy Morgan and the international standard definition of unemployment used by ABS are twofold The first is the definition of what looking for work means It is tighter in the UN International Labour Organisation definition which is used by the ABS like any equivalent national body and has nothing to do with what the government wants since the ABS is an independent agency Specifically you have to be actively looking for work and ready to start work immediately in order to be counted as unemployed within the labour force Roy Morgan also uses the looking for work definition but there's is a much simpler self reported question and therefore they don't factor in whether someone is available to work or not For example someone who is at school or uni and in practical terms couldn't start work but said they were looking would be counted as unemployed The difference between asking do you want a job and actually asking about job seeking activities and availability is the main source of difference in levels The second reason for variation is the ABS makes seasonal and trend adjustments so that the movement in u e rate from period to period is reflecting actual change in the strength of the economy Seasonal adjustment accounts for the fact that less people work in certain months for example the Christmas boom and agricultural harvest season You can see the regular jaggedness in this graph http 2 bp blogspot com XmbV2lJXNHA UDgcpNF7DHI AAAAAAAACYg BfZopElTbfI s1600 DEEWR payments Original Count Unemployed line from1950 png where unemployment declines around November and goes back up around February If we're being cynical not accounting for seasonality gives Roy Morgan reliable headlines every few months as their estimates diverge more sharply from the ABS The reason for the focus on immediate availability and accounting for seasonality is there's a strong policy interest particularly for the Reserve Bank in setting monetary policy in knowing very specifically what working capacity in the economy is like and a great measure of that is how many people are immediately available to work at a given moment The RBA want to know if a movement in the unemployment rate is due to mere seasonality or due to the economy speeding up or slowing down In either case to get the full picture of people's labour activities including underemployment you need other data things like who would like more hours the hours worked per worker who is studying who is injured or disabled structural vs frictional reasons for unemployment etc Unemployment rate alone was never intended to be a measure of social wellbeing there's plenty of circumstances where an increase in the unemployment rate is strictly a good thing eg if it's caused by more people seeking work that can reflect an uptick in confidence
780,Leg pain at night Maybe it's sciatica I've dealt with it Sciatica is a symptom not a diagnosis It could be the result of tight glutes or compressed discs or god forbid herniated discs in the spine If it only bothers you at night I'm inclined to think it's the former in which case you can fix it with some yoga pigeon stretches and maybe pick up a foam roller to massage the flutes and hip flexors look it up on youtube it's too hard to describe here If it's the latter that's trickier Sometimes it can be fixed with physical therapy but sometimes it needs surgery
782,Yeah it's possible these might happen in the show but probably not in the book GRRM doesn't seem like the biggest fan of bringing characters back from the dead since he criticized Tolkien for bringing back Gandalf even though Jon Snow is back from the dead So we'll see
786,your point is absolutely correct people were killed while traveling That's even true today some people are killed by pirates for example Some people are killed by hitch hiking in the USA even this year probably I myself personally would never walk across the USA because I fear getting killed by a random person My car broke down in a rural area at night 60 miles from my home and I was scared But 100 of people that ever lived over thousands of years don't think the way I do a few of them are different and do some crazy shit Some of them cross an ocean and get murdered Others find a spouse among the savages Pocahontas
791,Always gives me chills Hearing him read it in the audiobook while on a night walk is beautiful
792,To be fair if a coworker of mine still believed in the Easter Bunny and Santa Claus I'd make fun of them Same thing here
793,Your opening statement was no one can blame genetics until and the body of your reply included discussion which seemed to skirt the issue by suggesting that the SAT doesn't necessarily require intelligence However everything you suggest would have a relatively strong genetic link If not because the child is more likely to embark upon learning on his or her own then because the parents themselves view education as its own prize something with it's own merit worth pursuing at home
794,I think the difference is that many users are trying to make is that it is not just white but White Anglo Saxon Protestant To carry on your example where does Agnieszka or Ksawery fall in the mix My grandparents could have named their children Dieter Rudinger Mateseuz Adalbert Hedwig or Hanschen all perfectly legitimate white names but of non anglo origin But they elected to go with anglo names because there was wide spread discrimination at that time against foreign sounding names I believe that rightly or wrongly this continues to this day i e it is not skin color but conformity to acceptable WASP culture While being white does provide privilege the actual privilege comes from being able to pass as WASP People that won't or can't don't benefit from that privilege
797,Proxy might be a bit much but they've certainly taken a much softer line on US imperialism over the last 20 years A convergence of interests is not unthinkable
800,He said more though not bigger And the guy was obviously talking about quantity I think the sub might think the dude's overreacting
802,Okay I don't know man It sounds to me that you're rational thinking and you're making a logical decision With that in mind have you considered anything else in the past even if it's pie in the sky or whatever it's called Also what are you studying It sounds pretty brutal Like seriously crippling brutal
803,It is impossible to criticize Feminism validly through invalid means That doesn't mean it is impossible to criticize it validly and in other threads I gave examples of valid criticism In another post you said falsifiying the idea of communism would demand an infinite amount of experiments using every single variable involved to generate absolute proof communism doesn't work This is distinct from the practice of criticizing communism You can criticize communist theory for having a specialized form of history or of attaching character to large economic forces or whatever However we can not say for sure if communism works in the real world as an absolute function of its beliefs If one would like to make the criticism that communism always leads to dictatorships one would have to run such an experiment This is possible but without any connection to the empirical world this is pretty much fruitless I agree with what you said above but I reject this characterization It doesn't make the act fruitless it just only bears real fruit Nobody is the one true feminist Nobody has the one understanding what the ideology is I bet every definition in feminism is work in progress How should one criticize this even unless in the context of ongoing research Since you recognize that humans are imperfect actors but you're still viewing this as a system of criticizing the adherents as criticizing the ideology What you can do is argue with individual conceptions of feminism If every feminist represents an imperfect part of the ideology to argue that feminist's positions is to argue with components of the ideology itself Well why would anyone assume we had perfect gender roles that only do good An avenue that people take in this criticism is to make the case that there is no such thing as gender roles Furthermore you can argue within the concept of toxic masculinity in terms of the origin of these roles patriarchy the necessity of these roles and so on Now I really don't see how to change your view under your own premises My view isn't I'm a feminist change my view it's about the nature of criticism I included a paragraph in my OP with three paths to changing it
808,Oops You're right In that case I may have been skipping things from Singapore and Malaysia at the supermarket because of simplified characters on the packaging Best to check the origins label
809,I was thinking the same thing Just about all Nazi imagery that Ive seen is very powerful
811,What LBJ started the Vietnam War or was at least directly responsible for it's escalation and turning it into the debacle it became The man is a war criminal
